<?xml version='1.0' encoding='utf-8'?><eml:eml xmlns:eml="eml://ecoinformatics.org/eml-2.0.1" xmlns:md="eml://ecoinformatics.org/methods-2.0.1" xmlns:proj="eml://ecoinformatics.org/project-2.0.1" xmlns:d="eml://ecoinformatics.org/dataset-2.0.1" xmlns:res="eml://ecoinformatics.org/resource-2.0.1" xmlns:xsi="http://www.w3.org/2001/XMLSchema-instance" xmlns:dc="http://purl.org/dc/terms/" system="Plazi" scope="system" packageId="FF8CA776FF947F25FF920C4AFFF5FF0F/eml-1636859413299.xml"><dataset><alternateIdentifier>FF8CA776FF947F25FF920C4AFFF5FF0F</alternateIdentifier><alternateIdentifier>http://doi.org/10.5281/zenodo.5159809</alternateIdentifier><alternateIdentifier>4b8ded0c-2d13-4692-88bc-11c60ca8c8dd</alternateIdentifier><alternateIdentifier>5159809</alternateIdentifier><citation>Swezey, O. H. (1942): Aphididae and Aleurodidae Of Guam. In: Insects of Guam I. Honolulu, Hawaii: Bernice P. Bishop Museum: 23-24, DOI: http://doi.org/10.5281/zenodo.5159809</citation><title>Aphididae and Aleurodidae Of Guam</title><creator><individualName><givenName>O. H.</givenName><surName>Swezey</surName></individualName></creator><pubDate>1942</pubDate><language>en</language><abstract><para>This dataset contains the digitized treatments in Plazi based on the original book chapter Swezey, O. H. (1942): Aphididae and Aleurodidae Of Guam. In: Insects of Guam I. Honolulu, Hawaii: Bernice P. Bishop Museum: 23-24, DOI: http://doi.org/10.5281/zenodo.5159809</para></abstract><intellectualRights><para>To the extent possible under law, the publisher has waived all copyright and related or neighboring rights to these data, and has released them under<ulink url="https://creativecommons.org/publicdomain/zero/1.0/"><citetitle>CC0 Public Domain Dedication</citetitle></ulink>.
        Users may copy, modify, distribute and use the work, including for commercial purposes.</para><para>No known copyright restrictions apply. See Agosti, D., Egloff, W., 2009. Taxonomic information exchange and copyright: the Plazi approach. BMC Research Notes 2009, 2:53<ulink url="https://doi.org/10.1186/1756-0500-2-53"><citetitle>https://doi.org/10.1186/1756-0500-2-53</citetitle></ulink>for further explanation.</para></intellectualRights><distribution scope="document"><online><url function="information">http://tb.plazi.org/GgServer/summary/FF8CA776FF947F25FF920C4AFFF5FF0F</url></online></distribution><contact><individualName><givenName>Guido</givenName><surName>Sautter</surName></individualName><electronicMailAddress>gsautter@gmail.com</electronicMailAddress><onlineUrl>http://plazi.org</onlineUrl></contact><associatedParty><organizationName>Plazi</organizationName><address><city>Bern</city><country>Switzerland</country></address><electronicMailAddress>info@plazi.org</electronicMailAddress><onlineUrl>http://plazi.org/</onlineUrl><role>publisher</role></associatedParty><metadataProvider><organizationName>Plazi</organizationName><individualName><surName>carolina</surName></individualName></metadataProvider></dataset><additionalMetadata><metadata><gbif><dateStamp>2021-11-14T03:10:13+0000</dateStamp><citation>Swezey, O. H. (1942): Aphididae and Aleurodidae Of Guam. In: Insects of Guam I. Honolulu, Hawaii: Bernice P. Bishop Museum: 23-24, DOI: http://doi.org/10.5281/zenodo.5159809</citation></gbif><plaziMods><mods:mods xmlns:mods="http://www.loc.gov/mods/v3">
<mods:titleInfo>
<mods:title>Aphididae and Aleurodidae Of Guam</mods:title>
</mods:titleInfo>
<mods:name type="personal">
<mods:role>
<mods:roleTerm>Author</mods:roleTerm>
</mods:role>
<mods:namePart>Swezey, O. H.</mods:namePart>
<mods:affiliation>Experiment Station, Hawaiian Sugar Planters&apos; Association, Honolulu</mods:affiliation>
</mods:name>
<mods:typeOfResource>text</mods:typeOfResource>
<mods:relatedItem type="host">
<mods:originInfo>
<mods:dateIssued>1942</mods:dateIssued>
<mods:dateOther type="pubDate">1942-06-01</mods:dateOther>
<mods:publisher>Bernice P. Bishop Museum</mods:publisher>
<mods:place>
<mods:placeTerm>Honolulu, Hawaii</mods:placeTerm>
</mods:place>
</mods:originInfo>
<mods:titleInfo>
<mods:title>Insects of Guam I</mods:title>
</mods:titleInfo>
<mods:part>
<mods:extent unit="page">
<mods:start>23</mods:start>
<mods:end>24</mods:end>
</mods:extent>
</mods:part>
</mods:relatedItem>
<mods:classification>book chapter</mods:classification>
<mods:identifier type="DOI">http://doi.org/10.5281/zenodo.5159809</mods:identifier>
<mods:identifier type="GBIF-Dataset">4b8ded0c-2d13-4692-88bc-11c60ca8c8dd</mods:identifier>
<mods:identifier type="Zenodo-Dep">5159809</mods:identifier>
</mods:mods></plaziMods></metadata></additionalMetadata></eml:eml>