<?xml version='1.0' encoding='utf-8'?><eml:eml packageId="1054DB21F50C3F6D4A60EF68FFE4C168/eml-1671748914496.xml" scope="system" system="Plazi" xmlns:d="eml://ecoinformatics.org/dataset-2.0.1" xmlns:dc="http://purl.org/dc/terms/" xmlns:eml="eml://ecoinformatics.org/eml-2.0.1" xmlns:md="eml://ecoinformatics.org/methods-2.0.1" xmlns:proj="eml://ecoinformatics.org/project-2.0.1" xmlns:res="eml://ecoinformatics.org/resource-2.0.1" xmlns:xsi="http://www.w3.org/2001/XMLSchema-instance"><dataset><alternateIdentifier>1054DB21F50C3F6D4A60EF68FFE4C168</alternateIdentifier><citation>Usinger, Robert L. (1946): Hemiptera Heteroptera of Guam. In: Insects of Guam II. Honolulu, Hawaii: Bernice P. Bishop Museum, Bulletin 189: 11-103, DOI: http://doi.org/10.5281/zenodo.5173934</citation><title>Hemiptera Heteroptera of Guam</title><creator><individualName><givenName>Robert L.</givenName><surName>Usinger</surName></individualName></creator><pubDate>1946-12-20</pubDate><language>en</language><abstract><para>This dataset contains the digitized treatments in Plazi based on the original book chapter Usinger, Robert L. (1946): Hemiptera Heteroptera of Guam. In: Insects of Guam II. Honolulu, Hawaii: Bernice P. Bishop Museum, Bulletin 189: 11-103, DOI: http://doi.org/10.5281/zenodo.5173934</para></abstract><intellectualRights><para>To the extent possible under law, the publisher has waived all copyright and related or neighboring rights to these data, and has released them under<ulink url="https://creativecommons.org/publicdomain/zero/1.0/"><citetitle>CC0 Public Domain Dedication</citetitle></ulink>.
        Users may copy, modify, distribute and use the work, including for commercial purposes.</para><para>No known copyright restrictions apply. See Agosti, D., Egloff, W., 2009. Taxonomic information exchange and copyright: the Plazi approach. BMC Research Notes 2009, 2:53<ulink url="https://doi.org/10.1186/1756-0500-2-53"><citetitle>https://doi.org/10.1186/1756-0500-2-53</citetitle></ulink>for further explanation.</para></intellectualRights><distribution scope="document"><online><url function="information">https://tb.plazi.org/GgServer/summary/1054DB21F50C3F6D4A60EF68FFE4C168</url></online></distribution><contact><individualName><givenName>Guido</givenName><surName>Sautter</surName></individualName><electronicMailAddress>sautter@plazi.org</electronicMailAddress><onlineUrl>https://plazi.org</onlineUrl></contact><associatedParty><organizationName>Plazi</organizationName><address><city>Bern</city><country>Switzerland</country></address><electronicMailAddress>info@plazi.org</electronicMailAddress><onlineUrl>https://plazi.org/</onlineUrl><role>publisher</role></associatedParty><metadataProvider><organizationName>Plazi</organizationName><individualName><surName>carolina</surName></individualName></metadataProvider></dataset><additionalMetadata><metadata><gbif><dateStamp>2022-12-22T22:41:54+0000</dateStamp><citation>Usinger, Robert L. (1946): Hemiptera Heteroptera of Guam. In: Insects of Guam II. Honolulu, Hawaii: Bernice P. Bishop Museum, Bulletin 189: 11-103, DOI: http://doi.org/10.5281/zenodo.5173934</citation></gbif><plaziMods><mods:mods xmlns:mods="http://www.loc.gov/mods/v3">
    <mods:titleInfo>
        <mods:title>Hemiptera Heteroptera of Guam</mods:title>
    </mods:titleInfo>
    <mods:name type="personal">
        <mods:role>
            <mods:roleTerm>Author</mods:roleTerm>
        </mods:role>
        <mods:namePart>Usinger, Robert L.</mods:namePart>
    </mods:name>
    <mods:typeOfResource>text</mods:typeOfResource>
    <mods:relatedItem type="host">
        <mods:originInfo>
            <mods:dateIssued>1946</mods:dateIssued>
            <mods:dateOther type="pubDate">1946-12-20</mods:dateOther>
            <mods:publisher>Bernice P. Bishop Museum, Bulletin 189</mods:publisher>
            <mods:place>
                <mods:placeTerm>Honolulu, Hawaii</mods:placeTerm>
            </mods:place>
        </mods:originInfo>
        <mods:titleInfo>
            <mods:title>Insects of Guam II</mods:title>
        </mods:titleInfo>
        <mods:part>
            <mods:extent unit="page">
                <mods:start>11</mods:start>
                <mods:end>103</mods:end>
            </mods:extent>
        </mods:part>
    </mods:relatedItem>
    <mods:classification>book chapter</mods:classification>
    <mods:identifier type="DOI">http://doi.org/10.5281/zenodo.5173934</mods:identifier>
    <mods:identifier type="GBIF-Dataset">e7ce9dca-1d2b-4aad-8471-7ea2c177da53</mods:identifier>
    <mods:identifier type="Zenodo-Dep">5173934</mods:identifier>
</mods:mods></plaziMods></metadata></additionalMetadata></eml:eml>