{
	"identifier": {
		"plazi": "1054DB21F50C3F6D4A60EF68FFE4C168"
	},
	"title": "Hemiptera Heteroptera of Guam",
	"version": "1671748914496",
	"issued": "2022-12-22",
	"creator": [
		{
			"given": "Robert L.",
			"family": "Usinger"
		}
	],
	"editor": [
	],
	"publisher": {
		"organisation": "Plazi",
		"city": "Bern",
		"country": "CH",
		"email": "info@plazi.org",
		"url": "https://plazi.org/"
	},
	"contact": {
		"family": "Sautter",
		"given": "Guido",
		"organisation": "Plazi",
		"email": "gsautter@gmail.com",
		"url": "https://plazi.org"
	},
	"description": "This dataset contains the digitized treatments in Plazi based on the original book chapter Usinger, Robert L. (1946): Hemiptera Heteroptera of Guam. In: Insects of Guam II. Honolulu, Hawaii: Bernice P. Bishop Museum, Bulletin 189: 11-103, DOI: http://doi.org/10.5281/zenodo.5173934",
	"url": "https://tb.plazi.org/GgServer/summary/1054DB21F50C3F6D4A60EF68FFE4C168",
	"license": "CC0",
	"source": [
		{
			"author": [
				{
					"given": "Robert L.",
					"family": "Usinger"
				}
			],
			"type": "chapter",
			"publisher": "Bernice P. Bishop Museum, Bulletin 189",
			"publisherPlace": "Honolulu, Hawaii",
			"containerTitle": "Insects of Guam II",
			"page": "11-103",
			"issued": "1946-12-20",
			"doi": "10.5281/zenodo.5173934",
			"id": "10.5281/zenodo.5173934",
			"title": "Hemiptera Heteroptera of Guam"
		}
	]
}
