<?xml version='1.0' encoding='utf-8'?><eml:eml xmlns:eml="eml://ecoinformatics.org/eml-2.0.1" xmlns:md="eml://ecoinformatics.org/methods-2.0.1" xmlns:proj="eml://ecoinformatics.org/project-2.0.1" xmlns:d="eml://ecoinformatics.org/dataset-2.0.1" xmlns:res="eml://ecoinformatics.org/resource-2.0.1" xmlns:xsi="http://www.w3.org/2001/XMLSchema-instance" xmlns:dc="http://purl.org/dc/terms/" system="Plazi" scope="system" packageId="A676FD1EF22D3F34FF8F8907FFDAFC58/eml-1636599188182.xml"><dataset><alternateIdentifier>A676FD1EF22D3F34FF8F8907FFDAFC58</alternateIdentifier><alternateIdentifier>http://doi.org/10.5281/zenodo.5160456</alternateIdentifier><alternateIdentifier>50ed734c-2b1e-4792-a56b-289d70b967ce</alternateIdentifier><alternateIdentifier>5160456</alternateIdentifier><citation>Cockerell, T. D. A. (1942): Halictine Bees from Rota Island. In: Insects of Guam I. Honolulu, Hawaii: Bernice P. Bishop Museum: 191-194, DOI: http://doi.org/10.5281/zenodo.5160456</citation><title>Halictine Bees from Rota Island</title><creator><individualName><givenName>T. D. A.</givenName><surName>Cockerell</surName></individualName></creator><pubDate>1942</pubDate><language>en</language><abstract><para>This dataset contains the digitized treatments in Plazi based on the original book chapter Cockerell, T. D. A. (1942): Halictine Bees from Rota Island. In: Insects of Guam I. Honolulu, Hawaii: Bernice P. Bishop Museum: 191-194, DOI: http://doi.org/10.5281/zenodo.5160456</para></abstract><intellectualRights><para>To the extent possible under law, the publisher has waived all copyright and related or neighboring rights to these data, and has released them under<ulink url="https://creativecommons.org/publicdomain/zero/1.0/"><citetitle>CC0 Public Domain Dedication</citetitle></ulink>.
        Users may copy, modify, distribute and use the work, including for commercial purposes.</para><para>No known copyright restrictions apply. See Agosti, D., Egloff, W., 2009. Taxonomic information exchange and copyright: the Plazi approach. BMC Research Notes 2009, 2:53<ulink url="https://doi.org/10.1186/1756-0500-2-53"><citetitle>https://doi.org/10.1186/1756-0500-2-53</citetitle></ulink>for further explanation.</para></intellectualRights><distribution scope="document"><online><url function="information">http://tb.plazi.org/GgServer/summary/A676FD1EF22D3F34FF8F8907FFDAFC58</url></online></distribution><contact><individualName><givenName>Guido</givenName><surName>Sautter</surName></individualName><electronicMailAddress>gsautter@gmail.com</electronicMailAddress><onlineUrl>http://plazi.org</onlineUrl></contact><associatedParty><organizationName>Plazi</organizationName><address><city>Bern</city><country>Switzerland</country></address><electronicMailAddress>info@plazi.org</electronicMailAddress><onlineUrl>http://plazi.org/</onlineUrl><role>publisher</role></associatedParty><metadataProvider><organizationName>Plazi</organizationName><individualName><surName>carolina</surName></individualName></metadataProvider></dataset><additionalMetadata><metadata><gbif><dateStamp>2021-11-11T02:53:08+0000</dateStamp><citation>Cockerell, T. D. A. (1942): Halictine Bees from Rota Island. In: Insects of Guam I. Honolulu, Hawaii: Bernice P. Bishop Museum: 191-194, DOI: http://doi.org/10.5281/zenodo.5160456</citation></gbif><plaziMods><mods:mods xmlns:mods="http://www.loc.gov/mods/v3">
<mods:titleInfo>
<mods:title>Halictine Bees from Rota Island</mods:title>
</mods:titleInfo>
<mods:name type="personal">
<mods:role>
<mods:roleTerm>Author</mods:roleTerm>
</mods:role>
<mods:namePart>Cockerell, T. D. A.</mods:namePart>
<mods:affiliation>University of Colorado, Boulder, Colorado</mods:affiliation>
</mods:name>
<mods:typeOfResource>text</mods:typeOfResource>
<mods:relatedItem type="host">
<mods:originInfo>
<mods:dateIssued>1942</mods:dateIssued>
<mods:dateOther type="pubDate">1942-06-01</mods:dateOther>
<mods:publisher>Bernice P. Bishop Museum</mods:publisher>
<mods:place>
<mods:placeTerm>Honolulu, Hawaii</mods:placeTerm>
</mods:place>
</mods:originInfo>
<mods:titleInfo>
<mods:title>Insects of Guam I</mods:title>
</mods:titleInfo>
<mods:part>
<mods:extent unit="page">
<mods:start>191</mods:start>
<mods:end>194</mods:end>
</mods:extent>
</mods:part>
</mods:relatedItem>
<mods:classification>book chapter</mods:classification>
<mods:identifier type="DOI">http://doi.org/10.5281/zenodo.5160456</mods:identifier>
<mods:identifier type="GBIF-Dataset">50ed734c-2b1e-4792-a56b-289d70b967ce</mods:identifier>
<mods:identifier type="Zenodo-Dep">5160456</mods:identifier>
</mods:mods></plaziMods></metadata></additionalMetadata></eml:eml>