<?xml version='1.0' encoding='utf-8'?><eml:eml xmlns:eml="eml://ecoinformatics.org/eml-2.0.1" xmlns:md="eml://ecoinformatics.org/methods-2.0.1" xmlns:proj="eml://ecoinformatics.org/project-2.0.1" xmlns:d="eml://ecoinformatics.org/dataset-2.0.1" xmlns:res="eml://ecoinformatics.org/resource-2.0.1" xmlns:xsi="http://www.w3.org/2001/XMLSchema-instance" xmlns:dc="http://purl.org/dc/terms/" system="Plazi" scope="system" packageId="FFDEFF89B713A955FFD59822FF8CFF82/eml-1636871239864.xml"><dataset><alternateIdentifier>FFDEFF89B713A955FFD59822FF8CFF82</alternateIdentifier><alternateIdentifier>http://doi.org/10.5281/zenodo.5160243</alternateIdentifier><alternateIdentifier>9b2056ec-f71b-4ff8-b642-e7aed6aa0eeb</alternateIdentifier><alternateIdentifier>5160243</alternateIdentifier><alternateIdentifier>F6F3CA03-0327-4353-BBB3-FF271284D8C3</alternateIdentifier><citation>Light, S. F. (1946): Isoptera of Guam. In: Insects of Guam II. Bernice P. Bishop Museum: 9, DOI: http://doi.org/10.5281/zenodo.5160243</citation><title>Isoptera of Guam</title><creator><individualName><givenName>S. F.</givenName><surName>Light</surName></individualName></creator><pubDate>1946</pubDate><language>en</language><abstract><para>This dataset contains the digitized treatments in Plazi based on the original book chapter Light, S. F. (1946): Isoptera of Guam. In: Insects of Guam II. Bernice P. Bishop Museum: 9, DOI: http://doi.org/10.5281/zenodo.5160243</para></abstract><intellectualRights><para>To the extent possible under law, the publisher has waived all copyright and related or neighboring rights to these data, and has released them under<ulink url="https://creativecommons.org/publicdomain/zero/1.0/"><citetitle>CC0 Public Domain Dedication</citetitle></ulink>.
        Users may copy, modify, distribute and use the work, including for commercial purposes.</para><para>No known copyright restrictions apply. See Agosti, D., Egloff, W., 2009. Taxonomic information exchange and copyright: the Plazi approach. BMC Research Notes 2009, 2:53<ulink url="https://doi.org/10.1186/1756-0500-2-53"><citetitle>https://doi.org/10.1186/1756-0500-2-53</citetitle></ulink>for further explanation.</para></intellectualRights><distribution scope="document"><online><url function="information">http://tb.plazi.org/GgServer/summary/FFDEFF89B713A955FFD59822FF8CFF82</url></online></distribution><contact><individualName><givenName>Guido</givenName><surName>Sautter</surName></individualName><electronicMailAddress>gsautter@gmail.com</electronicMailAddress><onlineUrl>http://plazi.org</onlineUrl></contact><associatedParty><organizationName>Plazi</organizationName><address><city>Bern</city><country>Switzerland</country></address><electronicMailAddress>info@plazi.org</electronicMailAddress><onlineUrl>http://plazi.org/</onlineUrl><role>publisher</role></associatedParty><metadataProvider><organizationName>Plazi</organizationName><individualName><surName>carolina</surName></individualName></metadataProvider></dataset><additionalMetadata><metadata><gbif><dateStamp>2021-11-14T06:27:19+0000</dateStamp><citation>Light, S. F. (1946): Isoptera of Guam. In: Insects of Guam II. Bernice P. Bishop Museum: 9, DOI: http://doi.org/10.5281/zenodo.5160243</citation></gbif><plaziMods><mods:mods xmlns:mods="http://www.loc.gov/mods/v3">
<mods:titleInfo>
<mods:title>Isoptera of Guam</mods:title>
</mods:titleInfo>
<mods:name type="personal">
<mods:role>
<mods:roleTerm>Author</mods:roleTerm>
</mods:role>
<mods:namePart>Light, S. F.</mods:namePart>
<mods:affiliation>University of California</mods:affiliation>
</mods:name>
<mods:typeOfResource>text</mods:typeOfResource>
<mods:relatedItem type="host">
<mods:originInfo>
<mods:dateIssued>1946</mods:dateIssued>
<mods:dateOther type="pubDate">1946-12-20</mods:dateOther>
<mods:publisher>Bernice P. Bishop Museum</mods:publisher>
</mods:originInfo>
<mods:titleInfo>
<mods:title>Insects of Guam II</mods:title>
</mods:titleInfo>
<mods:part>
<mods:extent unit="page">
<mods:start>9</mods:start>
<mods:end>9</mods:end>
</mods:extent>
</mods:part>
</mods:relatedItem>
<mods:classification>book chapter</mods:classification>
<mods:identifier type="DOI">http://doi.org/10.5281/zenodo.5160243</mods:identifier>
<mods:identifier type="GBIF-Dataset">9b2056ec-f71b-4ff8-b642-e7aed6aa0eeb</mods:identifier>
<mods:identifier type="Zenodo-Dep">5160243</mods:identifier>
<mods:identifier type="ZooBank">F6F3CA03-0327-4353-BBB3-FF271284D8C3</mods:identifier>
</mods:mods></plaziMods></metadata></additionalMetadata></eml:eml>