<?xml version='1.0' encoding='utf-8'?><eml:eml xmlns:eml="eml://ecoinformatics.org/eml-2.0.1" xmlns:md="eml://ecoinformatics.org/methods-2.0.1" xmlns:proj="eml://ecoinformatics.org/project-2.0.1" xmlns:d="eml://ecoinformatics.org/dataset-2.0.1" xmlns:res="eml://ecoinformatics.org/resource-2.0.1" xmlns:xsi="http://www.w3.org/2001/XMLSchema-instance" xmlns:dc="http://purl.org/dc/terms/" system="Plazi" scope="system" packageId="4125F147872BFF9DFFF5FFAC140DFF83/eml-1634274455855.xml"><dataset><alternateIdentifier>4125F147872BFF9DFFF5FFAC140DFF83</alternateIdentifier><alternateIdentifier>http://doi.org/10.5281/zenodo.5173998</alternateIdentifier><alternateIdentifier>88488cba-2f64-4fbe-a0fa-ca99dd98ae55</alternateIdentifier><alternateIdentifier>5173998</alternateIdentifier><citation>Swezey, O. H. (1942): Culicidae of Guam. In: Insects of Guam I. Honolulu, Hawaii: Bernice P. Bishop Museum: 199-200, DOI: http://doi.org/10.5281/zenodo.5173998</citation><title>Culicidae of Guam</title><creator><individualName><givenName>O. H.</givenName><surName>Swezey</surName></individualName></creator><pubDate>1942-06-01</pubDate><language>en</language><abstract><para>UNAVAILABLE</para></abstract><intellectualRights><para>Public Domain</para><para>No known copyright restrictions apply. See Agosti, D., Egloff, W., 2009. Taxonomic information exchange and copyright: the Plazi approach. BMC Research Notes 2009, 2:53 for further explanation.</para></intellectualRights></dataset><additionalMetadata><plaziMods><mods:mods xmlns:mods="http://www.loc.gov/mods/v3">
    <mods:titleInfo>
        <mods:title>Culicidae of Guam</mods:title>
    </mods:titleInfo>
    <mods:name type="personal">
        <mods:role>
            <mods:roleTerm>Author</mods:roleTerm>
        </mods:role>
        <mods:namePart>Swezey, O. H.</mods:namePart>
        <mods:affiliation>Experiment Station, Hawaiian Sugar Planters' Association, Honolulu</mods:affiliation>
    </mods:name>
    <mods:typeOfResource>text</mods:typeOfResource>
    <mods:relatedItem type="host">
        <mods:originInfo>
            <mods:dateIssued>1942</mods:dateIssued>
            <mods:dateOther type="pubDate">1942-06-01</mods:dateOther>
            <mods:publisher>Bernice P. Bishop Museum</mods:publisher>
            <mods:place>
                <mods:placeTerm>Honolulu, Hawaii</mods:placeTerm>
            </mods:place>
        </mods:originInfo>
        <mods:titleInfo>
            <mods:title>Insects of Guam I</mods:title>
        </mods:titleInfo>
        <mods:part>
            <mods:extent unit="page">
                <mods:start>199</mods:start>
                <mods:end>200</mods:end>
            </mods:extent>
        </mods:part>
    </mods:relatedItem>
    <mods:classification>book chapter</mods:classification>
    <mods:identifier type="DOI">http://doi.org/10.5281/zenodo.5173998</mods:identifier>
    <mods:identifier type="GBIF-Dataset">88488cba-2f64-4fbe-a0fa-ca99dd98ae55</mods:identifier>
    <mods:identifier type="Zenodo-Dep">5173998</mods:identifier>
</mods:mods></plaziMods></additionalMetadata></eml:eml>