<?xml version='1.0' encoding='utf-8'?>
<archive xmlns="http://rs.tdwg.org/dwc/text/" metadata="eml.xml">
  <core encoding="UTF-8" fieldsTerminatedBy="\t" linesTerminatedBy="\n" fieldsEnclosedBy="" ignoreHeaderLines="1" rowType="http://rs.tdwg.org/dwc/terms/Taxon">
    <!-- one row per taxon im nomenclature -->
    <files>
      <location>taxa.txt</location>
    </files>
    <id index="0" />
    <field index="0" term="http://rs.tdwg.org/dwc/terms/taxonID"/> <!-- treatment ID + ".taxon" for taxon, treatment ID + ".syn<orderpos>" for new junior synonyms -->
    <field index="1" term="http://rs.tdwg.org/dwc/terms/namePublishedIn"/> <!-- reference string of original description -->
    <field index="2" term="http://rs.tdwg.org/dwc/terms/acceptedNameUsageID"/> <!-- blank, except for new junior synonyms -->
    <field index="3" term="http://rs.tdwg.org/dwc/terms/parentNameUsageID"/> <!-- blank -->
    <field index="4" term="http://rs.tdwg.org/dwc/terms/originalNameUsageID"/> <!-- blank -->
    <field index="5" term="http://rs.tdwg.org/dwc/terms/kingdom"/> <!-- taxon@kingdom -->
    <field index="6" term="http://rs.tdwg.org/dwc/terms/phylum"/> <!-- taxon@phylum -->
    <field index="7" term="http://rs.tdwg.org/dwc/terms/class"/> <!-- taxon@class -->
    <field index="8" term="http://rs.tdwg.org/dwc/terms/order"/> <!-- taxon@order -->
    <field index="9" term="http://rs.tdwg.org/dwc/terms/family"/> <!-- taxon@family -->
    <field index="10" term="http://rs.tdwg.org/dwc/terms/genus"/> <!-- taxon@genus -->
    <field index="11" term="http://rs.tdwg.org/dwc/terms/taxonRank"/> <!-- taxon@rank -->
    <field index="12" term="http://rs.tdwg.org/dwc/terms/scientificName"/> <!-- reconciled taxon name with reconciled authority, with parentheses and all -->
    <field index="13" term="http://rs.tdwg.org/dwc/terms/scientificNameAuthorship" /> <!-- reconciled authority like given in document -->
    <field index="14" term="http://gbif.org/dwc/terms/1.0/canonicalName" /> <!-- reconciled taxon without authority -->
    <field index="15" term="http://plazi.org/terms/1.0/verbatimScientificName" /> <!-- verbatim taxon name string like given in document, with authority and all -->    
    <field index="16" term="http://plazi.org/terms/1.0/basionymAuthors" /> <!-- authority name(s) if authority in parentheses, and for new combinations -->
    <field index="17" term="http://plazi.org/terms/1.0/basionymYear" /> <!-- authority year if authority in parentheses, and for new combinations -->
    <field index="18" term="http://plazi.org/terms/1.0/combinationAuthors" /> <!-- authority name(s) if authority _not_ in parentheses, treatment authority name(s) for new taxon names and new combinations -->
    <field index="19" term="http://plazi.org/terms/1.0/combinationYear" /> <!-- authority year if authority _not_ in parentheses, treatment authority name(s) for new taxon names and new combinations -->
    <field index="20" term="http://rs.tdwg.org/dwc/terms/taxonomicStatus"/> <!-- blank except for new junior synonyms, where "synonym", "homotypicSynonym" if we have a syntype -->
    <field index="21" term="http://rs.tdwg.org/dwc/terms/nomenclaturalStatus"/> <!-- blank -->
    <field index="22" term="http://purl.org/dc/terms/references"/> <!-- HTTP URI of treatment -->
  </core>

  <extension encoding="UTF-8" fieldsTerminatedBy="\t" linesTerminatedBy="\n" fieldsEnclosedBy="" ignoreHeaderLines="1" rowType="http://rs.tdwg.org/dwc/terms/Occurrence">
    <!-- one row per materials citation -->
    <files>
      <location>occurrences.txt</location>
    </files>
    <coreid index="1" />
    <field index="0" term="http://rs.tdwg.org/dwc/terms/occurrenceID"/> <!-- treatment ID + ".mc." + mc ID -->
    <field index="1" term="http://rs.tdwg.org/dwc/terms/taxonID"/> <!-- treatment ID + ".taxon" -->
    <field index="2" term="http://rs.tdwg.org/dwc/terms/catalogNumber"/> <!-- mc@specimenCode (explode to one record per specimen code if possible) -->
    <field index="3" term="http://rs.tdwg.org/dwc/terms/collectionCode"/> <!-- mc@collectionCode (explode to one record per collection code if possible) -->
    <field index="4" term="http://rs.tdwg.org/dwc/terms/institutionCode"/> <!-- blank -->
    <field index="5" term="http://rs.tdwg.org/dwc/terms/typeStatus"/> <!-- mc@typeStatus (blank if none given) -->
    <field index="6" term="http://rs.gbif.org/terms/1.0/verbatimLabel"/> <!-- mc text -->
    <field index="7" term="http://rs.tdwg.org/dwc/terms/sex"/> <!-- mc@sex (also other specimen types like "queen", "worker", etc.) -->
    <field index="8" term="http://rs.tdwg.org/dwc/terms/individualCount"/> <!-- mc@specimenCount (explode things like "5 workers, 2 females" to one record per typified specimen count if possible) -->
    <field index="9" term="http://rs.tdwg.org/dwc/terms/eventDate"/> <!-- mc@collectingDate -->
    <field index="10" term="http://rs.tdwg.org/dwc/terms/recordedBy"/> <!-- mc@collectorName -->
    <field index="11" term="http://rs.tdwg.org/dwc/terms/recordNumber"/> <!-- blank -->
    <field index="12" term="http://rs.tdwg.org/dwc/terms/decimalLatitude"/> <!-- mc@latitude -->
    <field index="13" term="http://rs.tdwg.org/dwc/terms/decimalLongitude"/> <!-- mc@longitude -->
    <field index="14" term="http://rs.tdwg.org/dwc/terms/minimumElevationInMeters"/> <!-- mc@elevation, or mc@elevationMin if given -->
    <field index="15" term="http://rs.tdwg.org/dwc/terms/maximumElevationInMeters"/> <!-- mc@elevationMax if given -->
    <field index="16" term="http://rs.tdwg.org/dwc/terms/country"/> <!-- mc@collectingCountry -->
    <field index="17" term="http://rs.tdwg.org/dwc/terms/stateProvince"/> <!-- mc@stateProvince or mc@collectingRegion -->
    <field index="18" term="http://rs.tdwg.org/dwc/terms/municipality"/> <!-- mc@collectingMunicipality -->
    <field index="19" term="http://rs.tdwg.org/dwc/terms/locality"/> <!-- mc@location -->
    <field index="20" term="http://purl.org/dc/terms/references"/> <!-- HTTP URI of cited specimen if present, that of treatment otherwise -->
    <field default="PreservedSpecimen" term="http://rs.tdwg.org/dwc/terms/basisOfRecord"/> <!-- fixed to "PreservedSpecimen" (added 2014-04-24 at request from Markus Doering -->
  </extension>

  <extension encoding="UTF-8" fieldsTerminatedBy="\t" linesTerminatedBy="\n" fieldsEnclosedBy="" ignoreHeaderLines="1" rowType="http://rs.gbif.org/terms/1.0/Description">
    <!-- one row per relevant treatment sub section -->
    <files>
      <location>description.txt</location>
    </files>
    <coreid index="0" />
    <field index="0" term="http://rs.tdwg.org/dwc/terms/taxonID"/> <!-- treatment ID + ".taxon" -->
    <field index="1" term="http://purl.org/dc/terms/type"/> <!-- subSubSection@type -->
    <field index="2" term="http://purl.org/dc/terms/description"/> <!-- subSubSection text -->
    <field index="3" term="http://purl.org/dc/terms/language"/> <!-- blank (except if we have language detection (might be reusable from spell checker)) -->
    <field index="4" term="http://purl.org/dc/terms/source"/> <!-- bibliographic reference string of publication (changed 2014-04-24 at request from Markus Doering) -->
    <!--field default="article citation" term="http://purl.org/dc/terms/source"/-->
  </extension>

  <extension encoding="UTF-8" fieldsTerminatedBy="\t" linesTerminatedBy="\n" fieldsEnclosedBy="" ignoreHeaderLines="1" rowType="http://rs.gbif.org/terms/1.0/Distribution">
    <!-- one row per distribution area (currently not marked) -->
    <files>
      <location>distribution.txt</location>
    </files>
    <coreid index="1" />
    <field index="0" term="http://rs.tdwg.org/dwc/terms/locationID"/> <!-- treatment ID + "." + location ID-->
    <field index="1" term="http://rs.tdwg.org/dwc/terms/taxonID"/> <!-- treatment ID + ".taxon" -->
    <field index="2" term="http://rs.tdwg.org/dwc/terms/country"/> <!-- mc@collectinCountry -->
    <field index="3" term="http://rs.tdwg.org/dwc/terms/locality"/> <!-- mc@location -->
    <field index="4" default="present" term="http://rs.tdwg.org/dwc/terms/occurrenceStatus"/> <!-- mc@typeStatus -->
  </extension>

  <extension encoding="UTF-8" fieldsTerminatedBy="\t" linesTerminatedBy="\n" fieldsEnclosedBy="" ignoreHeaderLines="1" rowType="http://eol.org/schema/media/Document">
    <!-- one row per treatment, supplementing the full HTML -->
    <files>
      <location>media.txt</location>
    </files>
    <coreid index="1"/>
    <field index="0" term="http://purl.org/dc/terms/identifier"/> <!-- treatment ID + ".text" -->
    <field index="1" term="http://rs.tdwg.org/dwc/terms/taxonID"/> <!-- treatment ID + ".taxon" -->
    <field index="2" term="http://purl.org/dc/terms/type"/> <!-- "http://purl.org/dc/dcmitype/Text" -->
    <field index="3" term="http://iptc.org/std/Iptc4xmpExt/1.0/xmlns/CVterm"/> <!-- "http://rs.tdwg.org/ontology/voc/SPMInfoItems#GeneralDescription" -->
    <field index="4" term="http://purl.org/dc/terms/format"/> <!-- "text/html" -->
    <field index="5" term="http://purl.org/dc/terms/language"/> <!-- two-letter language code -->
    <field index="6" term="http://purl.org/dc/terms/title"/> <!-- taxon + author + year -->
    <field index="7" term="http://purl.org/dc/terms/description"/> <!-- treatment HTML -->
    <field index="8" term="http://rs.tdwg.org/dwc/terms/additionalInformationURL"/> <!-- treatment HTTP URI -->
    <field index="9" term="http://ns.adobe.com/xap/1.0/rights/UsageTerms"/> <!-- "Public Domain" -->
    <field index="10" term="http://purl.org/dc/terms/rights"/> <!-- "No known copyright restrictions apply. See Agosti, D., Egloff, W., 2009. Taxonomic information exchange and copyright: the Plazi approach. BMC Research Notes 2009, 2:53 for further explanation." -->
    <field index="11" term="http://ns.adobe.com/xap/1.0/rights/Owner"/> <!-- blank -->
    <field index="12" term="http://purl.org/dc/terms/contributor"/> <!-- "((Pensoft|Zootaxa) via )?Plazi" -->
    <field index="13" term="http://purl.org/dc/terms/creator"/> <!-- author list, semicolon separated -->
    <field index="14" term="http://purl.org/dc/terms/bibliographicCitation"/> <!-- bibliographic reference string -->
  </extension>

  <extension encoding="UTF-8" fieldsTerminatedBy="\t" linesTerminatedBy="\n" fieldsEnclosedBy="" ignoreHeaderLines="1" rowType="http://rs.gbif.org/terms/1.0/Multimedia">
    <!-- one row per treatment and cited figure, supplementing figures cited by treatments -->
    <files>
      <location>multimedia.txt</location>
    </files>
    <coreid index="0"/>
    <field index="0" term="http://rs.tdwg.org/dwc/terms/taxonID"/> <!-- treatent ID + ".taxon" -->
    <field index="1" term="http://purl.org/dc/terms/type"/> <!-- "http://purl.org/dc/dcmitype/StillImage" -->
    <field index="2" term="http://purl.org/dc/terms/format"/> <!-- "image/png" -->
    <field index="3" term="http://purl.org/dc/terms/identifier"/> <!-- URL of binary figure file on Zenodo -->
    <field index="4" term="http://purl.org/dc/terms/references"/> <!-- full-URL DOI of figure deposition on Zenodo -->
    <field index="5" term="http://purl.org/dc/terms/title"/> <!-- caption text -->
    <field index="6" term="http://purl.org/dc/terms/description"/> <!-- caption text (just to support either path of access) -->
    <field index="7" term="http://purl.org/dc/terms/created"/> <!-- publication date -->
    <field index="8" term="http://purl.org/dc/terms/creator"/> <!-- author(s) of source article -->
    <field index="9" term="http://purl.org/dc/terms/contributor"/> <!-- blank -->
    <field index="10" term="http://purl.org/dc/terms/publisher"/> <!-- "Zenodo" -->
    <field index="11" term="http://purl.org/dc/terms/audience"/> <!-- "biologists" -->
    <field index="12" term="http://purl.org/dc/terms/source"/> <!-- DOI of source article -->
    <field index="13" term="http://purl.org/dc/terms/license"/> <!-- blank -->
    <field index="14" term="http://purl.org/dc/terms/rightsHolder"/> <!-- blank -->
    <field index="15" term="http://rs.tdwg.org/dwc/terms/datasetID"/> <!-- blank -->
  </extension>

  <extension encoding="UTF-8" fieldsTerminatedBy="\t" linesTerminatedBy="\n" fieldsEnclosedBy="" ignoreHeaderLines="1" rowType="http://eol.org/schema/reference/Reference">
    <!-- one row per treatment -->
    <files>
      <location>references.txt</location>
    </files>
    <coreid index="1" />
    <field index="0" term="http://purl.org/dc/terms/identifier"/> <!-- treatment ID + ".ref" for article (treatment) reference, cited treatment ID (from treatmentCitation@httpUri) + ".ref" for original description reference -->
    <field index="1" term="http://rs.tdwg.org/dwc/terms/taxonID"/> <!-- treatment ID + ".taxon" -->
    <field index="2" term="http://eol.org/schema/reference/publicationType"/> <!-- bibRef@type -->
    <field index="3" term="http://eol.org/schema/reference/full_reference"/> <!-- reference text -->
    <field index="4" term="http://eol.org/schema/reference/primaryTitle"/> <!-- bibRef@title -->
    <field index="5" term="http://purl.org/dc/terms/title"/> <!-- bibRef@journal or bibRef@volumeTitle -->
    <field index="6" term="http://purl.org/ontology/bibo/pages"/> <!-- blank -->
    <field index="7" term="http://purl.org/ontology/bibo/pageStart"/> <!-- treatment first page -->
    <field index="8" term="http://purl.org/ontology/bibo/pageEnd"/> <!-- treatment last page -->
    <field index="9" term="http://purl.org/ontology/bibo/journal"/> <!-- bibRef@journal -->
    <field index="10" term="http://purl.org/ontology/bibo/volume"/> <!-- bibRef@part -->
    <field index="11" term="http://purl.org/dc/terms/publisher"/> <!-- bibRef@publisher -->
    <field index="12" term="http://purl.org/ontology/bibo/authorList"/> <!-- bibRef@author, semicolon separated -->
    <field index="13" term="http://purl.org/ontology/bibo/editorList"/> <!-- bibRef@editor, semicolon separated -->
    <field index="14" term="http://purl.org/dc/terms/created"/> <!-- bibRef@year -->
    <field index="15" term="http://purl.org/dc/terms/language"/> <!-- blank -->
    <field index="16" term="http://purl.org/ontology/bibo/uri"/> <!-- bibRef@URL, if available -->
    <field index="17" term="http://purl.org/ontology/bibo/doi"/> <!-- bibRef@DOI, if available -->
  </extension>

  <extension encoding="UTF-8" fieldsTerminatedBy="\t" linesTerminatedBy="\n" fieldsEnclosedBy="" ignoreHeaderLines="1" rowType="http://rs.gbif.org/terms/1.0/VernacularName">
    <!-- one row per treatment (currently not available) -->
    <files>
      <location>vernaculars.txt</location>
    </files>
    <coreid index="1" /> <!-- treatment ID + ".taxon" -->
    <field index="0" term="http://purl.org/dc/terms/identifier"/> <!-- treatment ID + ".vernacular<X>" -->
    <field index="1" term="http://rs.tdwg.org/dwc/terms/taxonID"/> <!-- treatment ID + ".taxon" -->
    <field index="2" term="http://purl.org/dc/terms/language"/> <!-- "en" -->
    <field index="3" term="http://rs.tdwg.org/dwc/terms/vernacularName"/> <!-- vernacular name -->
  </extension>
</archive>